[{
  "_id": {
    "$oid": "65f6d13ac11a15642b0f94ac"
  },
  "doctorId": {
    "$oid": "65f6d13ac11a15642b0f94ab"
  },
  "name": "Queen's Hospital",
  "address": "Subid Bazar, Sylhet",
  "areaId": {
    "$oid": "65f58837fc102bdf67f3d2fd"
  },
  "districtId": {
    "$oid": "65f58154fc102bdf67f3d285"
  },
  "visitingHours": {
    "saturday": {
      "start": "17:00",
      "end": "22:00"
    },
    "sunday": {
      "start": "",
      "end": ""
    },
    "monday": {
      "start": "17:00",
      "end": "22:00"
    },
    "tuesday": {
      "start": "",
      "end": ""
    },
    "wednesday": {
      "start": "",
      "end": ""
    },
    "thursday": {
      "start": "17:00",
      "end": "22:00"
    },
    "friday": {
      "start": "17:00",
      "end": "22:00"
    }
  },
  "contact": "+440546788454",
  "active": true,
  "updatedAt": {
    "$date": "2024-05-26T06:18:13.523Z"
  }
},
{
  "_id": {
    "$oid": "65f6d13ac11a15642b0f94ae"
  },
  "doctorId": {
    "$oid": "65f6d13ac11a15642b0f94ad"
  },
  "name": "Oasis Hospital",
  "address": "Subhanighat, Sylhet",
  "areaId": {
    "$oid": "65f58837fc102bdf67f3d2fc"
  },
  "districtId": {
    "$oid": "65f58154fc102bdf67f3d285"
  },
  "visitingHours": {
    "saturday": {
      "start": "15:00",
      "end": "19:00"
    },
    "sunday": {
      "start": "17:00",
      "end": "21:00"
    },
    "monday": {
      "start": "17:00",
      "end": "21:00"
    },
    "tuesday": {
      "start": "",
      "end": ""
    },
    "wednesday": {
      "start": "17:00",
      "end": "21:00"
    },
    "thursday": {
      "start": "",
      "end": ""
    },
    "friday": {
      "start": "16:00",
      "end": "22:00"
    }
  },
  "contact": "+8801701266679",
  "active": true,
  "updatedAt": {
    "$date": "2024-05-24T17:57:27.438Z"
  }
},
{
  "_id": {
    "$oid": "65f6d13ac11a15642b0f94b0"
  },
  "doctorId": {
    "$oid": "65f6d13ac11a15642b0f94af"
  },
  "name": "Popular Medical Center & Hospital",
  "address": "Subhanighat, Sylhet",
  "areaId": {
    "$oid": "65f58837fc102bdf67f3d2fc"
  },
  "districtId": {
    "$oid": "65f58154fc102bdf67f3d285"
  },
  "visitingHours": {
    "saturday": {
      "start": "17:30",
      "end": "21:00"
    },
    "sunday": {
      "start": "17:30",
      "end": "21:00"
    },
    "monday": {
      "start": "17:30",
      "end": "21:00"
    },
    "tuesday": {
      "start": "17:30",
      "end": "21:00"
    },
    "wednesday": {
      "start": "17:30",
      "end": "21:00"
    },
    "thursday": {
      "start": "17:30",
      "end": "21:00"
    },
    "friday": {
      "start": "17:30",
      "end": "21:00"
    }
  },
  "contact": "+8801937451627",
  "active": true
},
{
  "_id": {
    "$oid": "65f6d13ac11a15642b0f94b2"
  },
  "doctorId": {
    "$oid": "65f6d13ac11a15642b0f94b1"
  },
  "name": "Mount Adora Hospital",
  "address": "Sylhet-Sunamganj Highway, Akhalia, Sylhet",
  "areaId": {
    "$oid": "65f58837fc102bdf67f3d2d0"
  },
  "districtId": {
    "$oid": "65f58154fc102bdf67f3d285"
  },
  "visitingHours": {
    "saturday": {
      "start": "16:30",
      "end": "21:00"
    },
    "sunday": {
      "start": "16:30",
      "end": "21:00"
    },
    "monday": {
      "start": "16:30",
      "end": "21:00"
    },
    "tuesday": {
      "start": "16:30",
      "end": "21:00"
    },
    "wednesday": {
      "start": "16:30",
      "end": "21:00"
    },
    "thursday": {
      "start": "16:30",
      "end": "21:00"
    },
    "friday": {
      "start": "16:30",
      "end": "21:00"
    }
  },
  "contact": "+8801726450182",
  "active": true
},
{
  "_id": {
    "$oid": "65f6d13bc11a15642b0f94b4"
  },
  "doctorId": {
    "$oid": "65f6d13bc11a15642b0f94b3"
  },
  "name": "Popular Medical Center",
  "address": "New Medical Road, Kajal Shah, Sylhet - 3100",
  "areaId": {
    "$oid": "65f58837fc102bdf67f3d2dd"
  },
  "districtId": {
    "$oid": "65f58154fc102bdf67f3d285"
  },
  "visitingHours": {
    "saturday": {
      "start": "17:00",
      "end": "21:00"
    },
    "sunday": {
      "start": "17:00",
      "end": "21:00"
    },
    "monday": {
      "start": "17:00",
      "end": "21:00"
    },
    "tuesday": {
      "start": "17:00",
      "end": "21:00"
    },
    "wednesday": {
      "start": "17:00",
      "end": "21:00"
    },
    "thursday": {
      "start": "17:00",
      "end": "21:00"
    },
    "friday": {
      "start": "17:00",
      "end": "21:00"
    }
  },
  "contact": "+8801752158437",
  "active": true
},
{
  "_id": {
    "$oid": "65f6d13bc11a15642b0f94b6"
  },
  "doctorId": {
    "$oid": "65f6d13bc11a15642b0f94b5"
  },
  "name": "Mount Adora Hospital",
  "address": "Sylhet-Sunamganj Highway, Akhalia, Sylhet",
  "areaId": {
    "$oid": "65f58837fc102bdf67f3d2d0"
  },
  "districtId": {
    "$oid": "65f58154fc102bdf67f3d285"
  },
  "visitingHours": {
    "saturday": {
      "start": "16:30",
      "end": "21:00"
    },
    "sunday": {
      "start": "16:30",
      "end": "21:00"
    },
    "monday": {
      "start": "16:30",
      "end": "21:00"
    },
    "tuesday": {
      "start": "16:30",
      "end": "21:00"
    },
    "wednesday": {
      "start": "16:30",
      "end": "21:00"
    },
    "thursday": {
      "start": "16:30",
      "end": "21:00"
    },
    "friday": {
      "start": "16:30",
      "end": "21:00"
    }
  },
  "contact": "+8801726450182",
  "active": true
},
{
  "_id": {
    "$oid": "65f6d13bc11a15642b0f94b8"
  },
  "doctorId": {
    "$oid": "65f6d13bc11a15642b0f94b7"
  },
  "name": "Ibn Sina Hospital",
  "address": "Subhanighat, Sylhet",
  "areaId": {
    "$oid": "65f58837fc102bdf67f3d2fc"
  },
  "districtId": {
    "$oid": "65f58154fc102bdf67f3d285"
  },
  "visitingHours": {
    "saturday": {
      "start": "16:00",
      "end": "20:00"
    },
    "sunday": {
      "start": "16:00",
      "end": "20:00"
    },
    "monday": {
      "start": "16:00",
      "end": "20:00"
    },
    "tuesday": {
      "start": "16:00",
      "end": "20:00"
    },
    "wednesday": {
      "start": "16:00",
      "end": "20:00"
    },
    "thursday": {
      "start": "16:00",
      "end": "20:00"
    },
    "friday": {
      "start": "16:00",
      "end": "20:00"
    }
  },
  "contact": "+8809636300300",
  "active": true
},
{
  "_id": {
    "$oid": "65f6d13bc11a15642b0f94ba"
  },
  "doctorId": {
    "$oid": "65f6d13bc11a15642b0f94b9"
  },
  "name": "Bangla Dental Care",
  "address": "Waves B, 95/A Shohid View (Ground Floor), Behind NCC Bank, Ambarkhana, Sylhet",
  "areaId": {
    "$oid": "65f58837fc102bdf67f3d2d1"
  },
  "districtId": {
    "$oid": "65f58154fc102bdf67f3d285"
  },
  "visitingHours": {
    "saturday": {
      "start": "16:00",
      "end": "21:00"
    },
    "sunday": {
      "start": "16:00",
      "end": "21:00"
    },
    "monday": {
      "start": "16:00",
      "end": "21:00"
    },
    "tuesday": {
      "start": "16:00",
      "end": "21:00"
    },
    "wednesday": {
      "start": "16:00",
      "end": "21:00"
    },
    "thursday": {
      "start": "16:00",
      "end": "21:00"
    },
    "friday": {
      "start": "16:00",
      "end": "21:00"
    }
  },
  "contact": "+8801716691530",
  "active": true
},
{
  "_id": {
    "$oid": "65f6d13bc11a15642b0f94bc"
  },
  "doctorId": {
    "$oid": "65f6d13bc11a15642b0f94bb"
  },
  "name": "Popular Medical Center",
  "address": "New Medical Road, Kajal Shah, Sylhet - 3100",
  "areaId": {
    "$oid": "65f58837fc102bdf67f3d2dd"
  },
  "districtId": {
    "$oid": "65f58154fc102bdf67f3d285"
  },
  "visitingHours": {
    "saturday": {
      "start": "17:00",
      "end": "21:00"
    },
    "sunday": {
      "start": "17:00",
      "end": "21:00"
    },
    "monday": {
      "start": "17:00",
      "end": "21:00"
    },
    "tuesday": {
      "start": "17:00",
      "end": "21:00"
    },
    "wednesday": {
      "start": "17:00",
      "end": "21:00"
    },
    "thursday": {
      "start": "17:00",
      "end": "21:00"
    },
    "friday": {
      "start": "17:00",
      "end": "21:00"
    }
  },
  "contact": "+8801911340774",
  "active": true
},
{
  "_id": {
    "$oid": "65f6d13bc11a15642b0f94be"
  },
  "doctorId": {
    "$oid": "65f6d13bc11a15642b0f94bd"
  },
  "name": "Trust Medical Services",
  "address": "Modhushahid, New Medical Road, Sylhet",
  "areaId": {
    "$oid": "65f58837fc102bdf67f3d2e4"
  },
  "districtId": {
    "$oid": "65f58154fc102bdf67f3d285"
  },
  "visitingHours": {
    "saturday": {
      "start": "17:00",
      "end": "21:00"
    },
    "sunday": {
      "start": "17:00",
      "end": "21:00"
    },
    "monday": {
      "start": "17:00",
      "end": "21:00"
    },
    "tuesday": {
      "start": "17:00",
      "end": "21:00"
    },
    "wednesday": {
      "start": "17:00",
      "end": "21:00"
    },
    "thursday": {
      "start": "17:00",
      "end": "21:00"
    },
    "friday": {
      "start": "17:00",
      "end": "21:00"
    }
  },
  "contact": "+8801735849422",
  "active": true
},
{
  "_id": {
    "$oid": "65f6d13cc11a15642b0f94c0"
  },
  "doctorId": {
    "$oid": "65f6d13bc11a15642b0f94bf"
  },
  "name": "Ibn Sina Hospital",
  "address": "Subhanighat, Sylhet",
  "areaId": {
    "$oid": "65f58837fc102bdf67f3d2fc"
  },
  "districtId": {
    "$oid": "65f58154fc102bdf67f3d285"
  },
  "visitingHours": {
    "saturday": {
      "start": "17:30",
      "end": "21:00"
    },
    "sunday": {
      "start": "17:30",
      "end": "21:00"
    },
    "monday": {
      "start": "17:30",
      "end": "21:00"
    },
    "tuesday": {
      "start": "17:30",
      "end": "21:00"
    },
    "wednesday": {
      "start": "17:30",
      "end": "21:00"
    },
    "thursday": {
      "start": "17:30",
      "end": "21:00"
    },
    "friday": {
      "start": "17:30",
      "end": "21:00"
    }
  },
  "contact": "+8809636300300",
  "active": true
},
{
  "_id": {
    "$oid": "65f73835ad84e19823f1f4d0"
  },
  "doctorId": {
    "$oid": "65f73835ad84e19823f1f4cf"
  },
  "name": "Popular Diagnostic Center, Dhanmondi",
  "address": "Dhanmondi, Room 505, House #16, Road #2, Dhanmondi R/A, Dhaka - 1205",
  "areaId": {
    "$oid": "65f587cefc102bdf67f3d2b7"
  },
  "districtId": {
    "$oid": "65f58154fc102bdf67f3d290"
  },
  "visitingHours": {
    "saturday": {
      "start": "17:00",
      "end": "22:00"
    },
    "sunday": {
      "start": "17:00",
      "end": "22:00"
    },
    "monday": {
      "start": "17:00",
      "end": "22:00"
    },
    "tuesday": {
      "start": "17:00",
      "end": "22:00"
    },
    "wednesday": {
      "start": "17:00",
      "end": "22:00"
    },
    "thursday": {
      "start": "17:00",
      "end": "22:00"
    },
    "friday": {
      "start": "17:00",
      "end": "22:00"
    }
  },
  "contact": "+8801872777770",
  "active": true
},
{
  "_id": {
    "$oid": "65f73835ad84e19823f1f4d2"
  },
  "doctorId": {
    "$oid": "65f73835ad84e19823f1f4d1"
  },
  "name": "SPRC & Neurology Hospital",
  "address": "135, New Eskaton Road (Opposite to Dilu Road), Dhaka - 1000",
  "areaId": {
    "$oid": "65f587cefc102bdf67f3d2c2"
  },
  "districtId": {
    "$oid": "65f58154fc102bdf67f3d290"
  },
  "visitingHours": {
    "saturday": {
      "start": "16:00",
      "end": "20:00"
    },
    "sunday": {
      "start": "16:00",
      "end": "20:00"
    },
    "monday": {
      "start": "16:00",
      "end": "20:00"
    },
    "tuesday": {
      "start": "16:00",
      "end": "20:00"
    },
    "wednesday": {
      "start": "16:00",
      "end": "20:00"
    },
    "thursday": {
      "start": "16:00",
      "end": "20:00"
    },
    "friday": {
      "start": "16:00",
      "end": "20:00"
    }
  },
  "contact": "+8801765660811",
  "active": true
},
{
  "_id": {
    "$oid": "65f73835ad84e19823f1f4d4"
  },
  "doctorId": {
    "$oid": "65f73835ad84e19823f1f4d3"
  },
  "name": "Ibn Sina Diagnostic Center, Doyagonj",
  "address": "28, Hut Lane, Doyagonj, Gandaria, Dhaka - 1204",
  "areaId": {
    "$oid": "65f587cefc102bdf67f3d2b0"
  },
  "districtId": {
    "$oid": "65f58154fc102bdf67f3d290"
  },
  "visitingHours": {
    "saturday": {
      "start": "16:00",
      "end": "20:00"
    },
    "sunday": {
      "start": "16:00",
      "end": "20:00"
    },
    "monday": {
      "start": "16:00",
      "end": "20:00"
    },
    "tuesday": {
      "start": "16:00",
      "end": "20:00"
    },
    "wednesday": {
      "start": "16:00",
      "end": "20:00"
    },
    "thursday": {
      "start": "16:00",
      "end": "20:00"
    },
    "friday": {
      "start": "16:00",
      "end": "20:00"
    }
  },
  "contact": "+8801878115751",
  "active": true
},
{
  "_id": {
    "$oid": "65f73836ad84e19823f1f4d6"
  },
  "doctorId": {
    "$oid": "65f73836ad84e19823f1f4d5"
  },
  "name": "Saleha Diagnostic Centre",
  "address": "London Market, Sanarpar, Demra, Dhaka - 1361",
  "areaId": {
    "$oid": "65f587cefc102bdf67f3d2b2"
  },
  "districtId": {
    "$oid": "65f58154fc102bdf67f3d290"
  },
  "visitingHours": {
    "saturday": {
      "start": "17:00",
      "end": "20:00"
    },
    "sunday": {
      "start": "17:00",
      "end": "20:00"
    },
    "monday": {
      "start": "17:00",
      "end": "20:00"
    },
    "tuesday": {
      "start": "17:00",
      "end": "20:00"
    },
    "wednesday": {
      "start": "17:00",
      "end": "20:00"
    },
    "thursday": {
      "start": "17:00",
      "end": "20:00"
    },
    "friday": {
      "start": "17:00",
      "end": "20:00"
    }
  },
  "contact": null,
  "active": true
},
{
  "_id": {
    "$oid": "65f73836ad84e19823f1f4d8"
  },
  "doctorId": {
    "$oid": "65f73836ad84e19823f1f4d7"
  },
  "name": "Green Life Hospital",
  "address": "32, Bir Uttam Shafiullah Sarak (Green Road), Dhanmondi, Dhaka",
  "areaId": {
    "$oid": "65f587cefc102bdf67f3d2b7"
  },
  "districtId": {
    "$oid": "65f58154fc102bdf67f3d290"
  },
  "visitingHours": {
    "saturday": {
      "start": "18:00",
      "end": "20:00"
    },
    "sunday": {
      "start": "18:00",
      "end": "20:00"
    },
    "monday": {
      "start": "18:00",
      "end": "20:00"
    },
    "tuesday": {
      "start": "18:00",
      "end": "20:00"
    },
    "wednesday": {
      "start": "18:00",
      "end": "20:00"
    },
    "thursday": {
      "start": "18:00",
      "end": "20:00"
    },
    "friday": {
      "start": "18:00",
      "end": "20:00"
    }
  },
  "contact": "+8801903082062",
  "active": true
},
{
  "_id": {
    "$oid": "65f73836ad84e19823f1f4da"
  },
  "doctorId": {
    "$oid": "65f73836ad84e19823f1f4d9"
  },
  "name": "Popular Diagnostic Center, Uttara",
  "address": "House #21, Road #7, Sector #4, Uttara, Dhaka",
  "areaId": {
    "$oid": "65f587cefc102bdf67f3d2a6"
  },
  "districtId": {
    "$oid": "65f58154fc102bdf67f3d290"
  },
  "visitingHours": {
    "saturday": {
      "start": "19:00",
      "end": "22:00"
    },
    "sunday": {
      "start": "19:00",
      "end": "22:00"
    },
    "monday": {
      "start": "19:00",
      "end": "22:00"
    },
    "tuesday": {
      "start": "19:00",
      "end": "22:00"
    },
    "wednesday": {
      "start": "19:00",
      "end": "22:00"
    },
    "thursday": {
      "start": "19:00",
      "end": "22:00"
    },
    "friday": {
      "start": "19:00",
      "end": "22:00"
    }
  },
  "contact": "+8809613787805",
  "active": true
},
{
  "_id": {
    "$oid": "65f73836ad84e19823f1f4dc"
  },
  "doctorId": {
    "$oid": "65f73836ad84e19823f1f4db"
  },
  "name": "Dental View Orthodontics & Implant Center",
  "address": "House No #67/C, Road #11, Block #E, Banani, Dhaka - 1213",
  "areaId": {
    "$oid": "65f734420e87ffe7e6a20262"
  },
  "districtId": {
    "$oid": "65f58154fc102bdf67f3d290"
  },
  "visitingHours": {
    "saturday": {
      "start": "10:00",
      "end": "21:30"
    },
    "sunday": {
      "start": "10:00",
      "end": "21:30"
    },
    "monday": {
      "start": "10:00",
      "end": "21:30"
    },
    "tuesday": {
      "start": "10:00",
      "end": "21:30"
    },
    "wednesday": {
      "start": "10:00",
      "end": "21:30"
    },
    "thursday": {
      "start": "10:00",
      "end": "21:30"
    },
    "friday": {
      "start": "10:00",
      "end": "21:30"
    }
  },
  "contact": "+8801789280929",
  "active": true
},
{
  "_id": {
    "$oid": "65f73836ad84e19823f1f4de"
  },
  "doctorId": {
    "$oid": "65f73836ad84e19823f1f4dd"
  },
  "name": "Ibn Sina Diagnostic Center, Dhanmondi",
  "address": "House #48, Road #9/A, Dhanmondi, Dhaka - 1209",
  "areaId": {
    "$oid": "65f587cefc102bdf67f3d2b7"
  },
  "districtId": {
    "$oid": "65f58154fc102bdf67f3d290"
  },
  "visitingHours": {
    "saturday": {
      "start": "16:30",
      "end": "21:00"
    },
    "sunday": {
      "start": "16:30",
      "end": "21:00"
    },
    "monday": {
      "start": "16:30",
      "end": "21:00"
    },
    "tuesday": {
      "start": "16:30",
      "end": "21:00"
    },
    "wednesday": {
      "start": "16:30",
      "end": "21:00"
    },
    "thursday": {
      "start": "16:30",
      "end": "21:00"
    },
    "friday": {
      "start": "16:30",
      "end": "21:00"
    }
  },
  "contact": "+8809610010615",
  "active": true
},
{
  "_id": {
    "$oid": "65f73837ad84e19823f1f4e0"
  },
  "doctorId": {
    "$oid": "65f73836ad84e19823f1f4df"
  },
  "name": "Ibn Sina Diagnostic & Consultation Center, Jatrabari",
  "address": "House #79/1E, Demra Road, Bibir Bagicha, Uttar Jatrabari, Dhaka",
  "areaId": {
    "$oid": "65f587cefc102bdf67f3d2c1"
  },
  "districtId": {
    "$oid": "65f58154fc102bdf67f3d290"
  },
  "visitingHours": {
    "saturday": {
      "start": "18:00",
      "end": "22:00"
    },
    "sunday": {
      "start": "18:00",
      "end": "22:00"
    },
    "monday": {
      "start": "18:00",
      "end": "22:00"
    },
    "tuesday": {
      "start": "18:00",
      "end": "22:00"
    },
    "wednesday": {
      "start": "18:00",
      "end": "22:00"
    },
    "thursday": {
      "start": "18:00",
      "end": "22:00"
    },
    "friday": {
      "start": "18:00",
      "end": "22:00"
    }
  },
  "contact": "+8809610009626",
  "active": true
},
{
  "_id": {
    "$oid": "66522f602ddb515fc961f5f8"
  },
  "name": "Test chamber",
  "doctorId": {
    "$oid": "65f6d13ac11a15642b0f94ab"
  },
  "areaId": {
    "$oid": "65f58837fc102bdf67f3d2d0"
  },
  "districtId": {
    "$oid": "65f58154fc102bdf67f3d285"
  },
  "address": "SUST gate",
  "visitingHours": {
    "saturday": {
      "start": "16:00",
      "end": "22:00"
    },
    "sunday": {
      "start": "16:00",
      "end": "22:00"
    },
    "monday": {
      "start": "16:00",
      "end": "22:00"
    },
    "tuesday": {
      "start": "16:00",
      "end": "22:00"
    },
    "wednesday": {
      "start": "16:00",
      "end": "22:00"
    },
    "thursday": {
      "start": "16:00",
      "end": "22:00"
    },
    "friday": {
      "start": "16:00",
      "end": "22:00"
    }
  },
  "contact": "+4423456789",
  "active": true,
  "createdAt": {
    "$date": "2024-05-25T18:35:12.320Z"
  },
  "updatedAt": {
    "$date": "2024-05-25T18:49:17.214Z"
  },
  "__v": 0
}]