[{
  "_id": {
    "$oid": "65f58154fc102bdf67f3d262"
  },
  "name": "Comilla"
},
{
  "_id": {
    "$oid": "65f58154fc102bdf67f3d263"
  },
  "name": "Feni"
},
{
  "_id": {
    "$oid": "65f58154fc102bdf67f3d264"
  },
  "name": "Brahmanbaria"
},
{
  "_id": {
    "$oid": "65f58154fc102bdf67f3d265"
  },
  "name": "Rangamati"
},
{
  "_id": {
    "$oid": "65f58154fc102bdf67f3d266"
  },
  "name": "Noakhali"
},
{
  "_id": {
    "$oid": "65f58154fc102bdf67f3d267"
  },
  "name": "Chandpur"
},
{
  "_id": {
    "$oid": "65f58154fc102bdf67f3d268"
  },
  "name": "Lakshmipur"
},
{
  "_id": {
    "$oid": "65f58154fc102bdf67f3d269"
  },
  "name": "Chattogram"
},
{
  "_id": {
    "$oid": "65f58154fc102bdf67f3d26a"
  },
  "name": "Coxsbazar"
},
{
  "_id": {
    "$oid": "65f58154fc102bdf67f3d26b"
  },
  "name": "Khagrachhari"
},
{
  "_id": {
    "$oid": "65f58154fc102bdf67f3d26c"
  },
  "name": "Bandarban"
},
{
  "_id": {
    "$oid": "65f58154fc102bdf67f3d26d"
  },
  "name": "Sirajganj"
},
{
  "_id": {
    "$oid": "65f58154fc102bdf67f3d26e"
  },
  "name": "Pabna"
},
{
  "_id": {
    "$oid": "65f58154fc102bdf67f3d26f"
  },
  "name": "Bogura"
},
{
  "_id": {
    "$oid": "65f58154fc102bdf67f3d270"
  },
  "name": "Rajshahi"
},
{
  "_id": {
    "$oid": "65f58154fc102bdf67f3d271"
  },
  "name": "Natore"
},
{
  "_id": {
    "$oid": "65f58154fc102bdf67f3d272"
  },
  "name": "Joypurhat"
},
{
  "_id": {
    "$oid": "65f58154fc102bdf67f3d273"
  },
  "name": "Chapainawabganj"
},
{
  "_id": {
    "$oid": "65f58154fc102bdf67f3d274"
  },
  "name": "Naogaon"
},
{
  "_id": {
    "$oid": "65f58154fc102bdf67f3d275"
  },
  "name": "Jashore"
},
{
  "_id": {
    "$oid": "65f58154fc102bdf67f3d276"
  },
  "name": "Satkhira"
},
{
  "_id": {
    "$oid": "65f58154fc102bdf67f3d277"
  },
  "name": "Meherpur"
},
{
  "_id": {
    "$oid": "65f58154fc102bdf67f3d278"
  },
  "name": "Narail"
},
{
  "_id": {
    "$oid": "65f58154fc102bdf67f3d279"
  },
  "name": "Chuadanga"
},
{
  "_id": {
    "$oid": "65f58154fc102bdf67f3d27a"
  },
  "name": "Kushtia"
},
{
  "_id": {
    "$oid": "65f58154fc102bdf67f3d27b"
  },
  "name": "Magura"
},
{
  "_id": {
    "$oid": "65f58154fc102bdf67f3d27c"
  },
  "name": "Khulna"
},
{
  "_id": {
    "$oid": "65f58154fc102bdf67f3d27d"
  },
  "name": "Bagerhat"
},
{
  "_id": {
    "$oid": "65f58154fc102bdf67f3d27e"
  },
  "name": "Jhenaidah"
},
{
  "_id": {
    "$oid": "65f58154fc102bdf67f3d27f"
  },
  "name": "Jhalakathi"
},
{
  "_id": {
    "$oid": "65f58154fc102bdf67f3d280"
  },
  "name": "Patuakhali"
},
{
  "_id": {
    "$oid": "65f58154fc102bdf67f3d281"
  },
  "name": "Pirojpur"
},
{
  "_id": {
    "$oid": "65f58154fc102bdf67f3d282"
  },
  "name": "Barisal"
},
{
  "_id": {
    "$oid": "65f58154fc102bdf67f3d283"
  },
  "name": "Bhola"
},
{
  "_id": {
    "$oid": "65f58154fc102bdf67f3d284"
  },
  "name": "Barguna"
},
{
  "_id": {
    "$oid": "65f58154fc102bdf67f3d285"
  },
  "name": "Sylhet"
},
{
  "_id": {
    "$oid": "65f58154fc102bdf67f3d286"
  },
  "name": "Moulvibazar"
},
{
  "_id": {
    "$oid": "65f58154fc102bdf67f3d287"
  },
  "name": "Habiganj"
},
{
  "_id": {
    "$oid": "65f58154fc102bdf67f3d288"
  },
  "name": "Sunamganj"
},
{
  "_id": {
    "$oid": "65f58154fc102bdf67f3d289"
  },
  "name": "Narsingdi"
},
{
  "_id": {
    "$oid": "65f58154fc102bdf67f3d28a"
  },
  "name": "Gazipur"
},
{
  "_id": {
    "$oid": "65f58154fc102bdf67f3d28b"
  },
  "name": "Shariatpur"
},
{
  "_id": {
    "$oid": "65f58154fc102bdf67f3d28c"
  },
  "name": "Narayanganj"
},
{
  "_id": {
    "$oid": "65f58154fc102bdf67f3d28d"
  },
  "name": "Tangail"
},
{
  "_id": {
    "$oid": "65f58154fc102bdf67f3d28e"
  },
  "name": "Kishoreganj"
},
{
  "_id": {
    "$oid": "65f58154fc102bdf67f3d28f"
  },
  "name": "Manikganj"
},
{
  "_id": {
    "$oid": "65f58154fc102bdf67f3d290"
  },
  "name": "Dhaka"
},
{
  "_id": {
    "$oid": "65f58154fc102bdf67f3d291"
  },
  "name": "Munshiganj"
},
{
  "_id": {
    "$oid": "65f58154fc102bdf67f3d292"
  },
  "name": "Rajbari"
},
{
  "_id": {
    "$oid": "65f58154fc102bdf67f3d293"
  },
  "name": "Madaripur"
},
{
  "_id": {
    "$oid": "65f58154fc102bdf67f3d294"
  },
  "name": "Gopalganj"
},
{
  "_id": {
    "$oid": "65f58154fc102bdf67f3d295"
  },
  "name": "Faridpur"
},
{
  "_id": {
    "$oid": "65f58154fc102bdf67f3d296"
  },
  "name": "Panchagarh"
},
{
  "_id": {
    "$oid": "65f58154fc102bdf67f3d297"
  },
  "name": "Dinajpur"
},
{
  "_id": {
    "$oid": "65f58154fc102bdf67f3d298"
  },
  "name": "Lalmonirhat"
},
{
  "_id": {
    "$oid": "65f58154fc102bdf67f3d299"
  },
  "name": "Nilphamari"
},
{
  "_id": {
    "$oid": "65f58154fc102bdf67f3d29a"
  },
  "name": "Gaibandha"
},
{
  "_id": {
    "$oid": "65f58154fc102bdf67f3d29b"
  },
  "name": "Thakurgaon"
},
{
  "_id": {
    "$oid": "65f58154fc102bdf67f3d29c"
  },
  "name": "Rangpur"
},
{
  "_id": {
    "$oid": "65f58154fc102bdf67f3d29d"
  },
  "name": "Kurigram"
},
{
  "_id": {
    "$oid": "65f58154fc102bdf67f3d29e"
  },
  "name": "Sherpur"
},
{
  "_id": {
    "$oid": "65f58154fc102bdf67f3d29f"
  },
  "name": "Mymensingh"
},
{
  "_id": {
    "$oid": "65f58154fc102bdf67f3d2a0"
  },
  "name": "Jamalpur"
},
{
  "_id": {
    "$oid": "65f58154fc102bdf67f3d2a1"
  },
  "name": "Netrokona"
}]