[
  {
    "name": "Prof. Dr. Ishtiaque Ul Fattah",
    "email": "ishtiaq@gamail.com",
    "education": "MBBS, MS (ORTHOPEDICS)",
    "specialization": [
      "Orthopedics",
      "Bone",
      "Joint",
      "Arthritis",
      "Spine",
      "Injury",
      "Trauma Surgeon"
    ],
    "experience": {
      "title": "Professor & Head, Ortho Surgery",
      "institute": "Parkview Medical College & Hospital",
      "address": "VIP Rd, Taltola, Sylhet"
    }
  },
  {
    "name": "Prof. Dr. Kamal Ahmed",
    "email": "kamal@gamail.com",
    "education": "MBBS, FCPS (Medicine), MD (Neurology)",
    "specialization": [
      "Neurology",
      "Brain",
      "Nerve",
      "Spine",
      "Medicine",
      "Stroke",
      "Headache",
      "Migraine"
    ],
    "experience": {
      "title": "Professor, Neurology",
      "institute": "North East Medical College & Hospital",
      "address": "Chondipul, Shouth Surma, Sylhet"
    }
  },
  {
    "name": "Dr. M. A. Alim",
    "email": "alim@gamail.com",
    "education": "MBBS, MS (Urology), Higher Training in Urology (USA, Germany, India & Pakistan)",
    "specialization": [
      "Kidneys",
      "Bladder",
      "Ureters",
      "Prostate",
      "Laser",
      "Laparoscopic surgery",
      "Urology"
    ],
    "experience": {
      "title": "Assistant Professor & Head, Urology",
      "institute": "Sylhet MAG Osmani Medical College & Hospital",
      "address": "Medical Rd, Sylhet"
    }
  },
  {
    "name": "Dr. Shishir Basak",
    "email": "sbasak@gamail.com",
    "education": "MBBS (DMC), MCPS (Medicine), D-CARD (DU), MD (Cardiology), MRCP (UK)",
    "specialization": [
      "Cardiology",
      "Medicine",
      "Heart",
      "Medicine",
      "Diabetes"
    ],
    "experience": {
      "title": "Professor & Head, Medicine",
      "institute": "Parkview Medical College & Hospital",
      "address": "VIP Rd, Taltola, Sylhet"
    }
  },
  {
    "name": "Dr. Khair Ahmed Choudhury",
    "email": "kchoudhury@gamail.com",
    "education": "MBBS, MS (EYE), ICO, FRCS (EDINBURGH) FRCS (GLASGOW)",
    "specialization": [
      "Eye",
      "Pediatric",
      "Ophthalmologist"
    ],
    "experience": {
      "title": "Professor, Ophthalmology",
      "institute": "National Institute of Ophthalmology & Hospital",
      "address": "Sayed Mahbub Morshed Rd, Dhaka 1207"
    }
  },
  {
    "name": "Dr. Nazmus Saqib",
    "email": "nsaqib@gamail.com",
    "education": "MBBS, BCS (Health), MD (Thesis, Nephrology)",
    "specialization": [
      "Kidney",
      "Nephrology"
    ],
    "experience": {
      "title": "Consultant, Nephrology",
      "institute": "Shahid Shamsuddin Ahmed District Hospital",
      "address": "Medical Rd, Sylhet"
    }
  },
  {
    "name": "Prof. Dr. Syed Mamun Muhammad",
    "email": "syedmamun@gamail.com",
    "education": "MBBS, DDV, MD (Dermatology & Venereology)",
    "specialization": [
      "Skin",
      "Sex",
      "Allergy",
      "Dermatology",
      "Venereology"
    ],
    "experience": {
      "title": "Former Professor & Head, Dermatology & Venereology",
      "institute": "Sylhet MAG Osmani Medical College & Hospital",
      "address": "Medical Rd, Sylhet"
    }
  },
  {
    "name": "Dr. Md. Mushfiqul Hasan",
    "email": "mushfiqul@gamail.com",
    "education": "BDS (DU), MPH (LU)",
    "specialization": [
      "Oral",
      "Dental",
      "Maxillofacial",
      "Dental"
    ],
    "experience": {
      "title": "Assistant Professor & Head, Dental",
      "institute": "Sylhet Central Dental College & Hospital",
      "address": "Uposhohor, Sylhet"
    }
  },
  {
    "name": "Dr. Md. Rafiqul Islam",
    "email": "rafiqul@gamail.com",
    "education": "BDS, BCS (Health), DDS (BSMMU), FICD (USA), FRSH (London)",
    "specialization": [
      "Dentistry",
      "Orthodontics",
      "Dental"
    ],
    "experience": {
      "title": "Associate Professor & Head, Orthodontics Department",
      "institute": "Dental Unit, Sylhet MAG Osmani Medical College & Hospital",
      "address": "Medical Rd, Sylhet"
    }
  },
  {
    "name": "Dr. Md. Jahangir Alam",
    "email": "jahangir.alam@gamail.com",
    "education": "MBBS, MCPS (Medicine), MD (Gastroenterology)",
    "specialization": [
      "Medicine",
      "Gastrointentine",
      "Liver",
      "Pancreas",
      "Medicine"
    ],
    "experience": {
      "title": "Associate Professor & Head, Gastroenterology",
      "institute": "Sylhet MAG Osmani Medical College & Hospital",
      "address": "Medical Rd, Sylhet"
    }
  },
  {
    "name": "Dr. Mahbub Alam Jibon",
    "email": "ma.jibon@gamail.com",
    "education": "MBBS, BCS (Health), MD (Cardiology), NICVD",
    "specialization": [
      "Cardiology",
      "Heart",
      "Medicine",
      "Diabetes"
    ],
    "experience": {
      "title": "Consultant, Cardiology",
      "institute": "Ibn Sina Hospital",
      "address": "Subhanighat, Sylhet"
    }
  }
]